iso3,name,subsidiaries,share_pct,unknown_pct,no_identifier_pct,opencorporates_pct,lei_pct
USA,United States,41020,32.5,89.6,26.7,27.0,15.0
GBR,United Kingdom,15678,12.4,83.5,2.6,96.3,26.7
FRA,France,7141,5.7,82.1,24.5,66.9,26.9
DEU,Germany,4083,3.2,81.2,11.5,76.1,32.7
CHN,China,4081,3.2,94.1,52.4,0.0,11.6
NLD,Netherlands,3044,2.4,75.8,7.7,88.8,35.5
CAN,Canada,3018,2.4,78.9,19.5,52.8,28.4
AUS,Australia,2707,2.1,89.6,9.5,83.4,18.5
MEX,Mexico,2566,2.0,87.7,49.8,13.6,17.6
ESP,Spain,2462,2.0,80.3,44.7,38.4,29.7
IND,India,2204,1.7,54.6,7.2,77.1,73.6
CYM,Cayman Islands,2087,1.7,79.0,24.9,0.0,27.9
LUX,Luxembourg,1897,1.5,70.6,29.2,47.8,43.5
ITA,Italy,1862,1.5,75.7,38.9,0.0,37.4
BRA,Brazil,1684,1.3,90.8,38.4,49.8,13.4
ARE,United Arab Emirates,1651,1.3,91.0,60.8,1.3,15.7
JPN,Japan,1617,1.3,87.4,34.2,21.0,18.6
SGP,Singapore,1383,1.1,75.5,5.0,92.6,38.8
IRL,Ireland,1330,1.1,67.1,6.7,85.1,52.2
CHE,Switzerland,1185,0.9,74.3,12.0,69.4,36.0
HKG,Hong Kong,1185,0.9,73.9,13.2,65.2,35.3
BEL,Belgium,953,0.8,77.8,27.9,60.7,37.3
SWE,Sweden,897,0.7,75.4,27.0,57.3,35.6
DNK,Denmark,827,0.7,90.8,5.1,93.6,20.6
POL,Poland,764,0.6,79.1,46.3,25.7,30.1
NZL,New Zealand,737,0.6,93.1,2.4,94.8,11.7
AUT,Austria,734,0.6,57.9,27.0,0.0,50.0
NOR,Norway,718,0.6,91.5,7.7,90.7,18.2
KOR,South Korea,584,0.5,83.7,38.4,0.0,22.4
ZAF,South Africa,582,0.5,90.4,36.6,10.7,15.8
MYS,Malaysia,570,0.5,80.5,18.2,67.0,24.7
BMU,Bermuda,534,0.4,71.7,12.7,69.7,37.6
CHL,Chile,520,0.4,88.1,37.1,0.0,20.2
PRT,PRT,489,0.4,86.9,46.0,0.0,19.6
SAU,Saudi Arabia,478,0.4,88.5,61.5,0.0,18.0
IDN,Indonesia,465,0.4,84.7,36.8,0.0,25.8
THA,Thailand,462,0.4,83.1,43.1,20.1,25.3
CZE,CZE,438,0.3,74.7,11.0,83.1,41.6
JEY,Jersey,424,0.3,61.8,26.9,38.9,46.7
TUR,TUR,416,0.3,74.3,45.9,0.0,32.0
FIN,Finland,388,0.3,80.7,19.1,78.1,31.2
ARG,ARG,375,0.3,85.9,42.4,0.0,18.9
ISR,Israel,358,0.3,87.4,27.9,16.8,19.3
HUN,HUN,356,0.3,64.6,40.4,0.0,43.5
TWN,Taiwan,355,0.3,80.8,32.7,0.0,26.2
,Not given,347,0.3,100.0,87.0,0.0,0.0
EGY,EGY,332,0.3,91.0,49.1,0.0,11.1
PHL,Philippines,325,0.3,84.6,35.7,0.0,21.2
COL,COL,322,0.3,89.1,41.0,0.0,17.1
GRC,GRC,306,0.2,85.6,62.4,8.5,19.3
ROU,ROU,299,0.2,71.9,17.4,64.9,38.1
RUS,Russia,299,0.2,79.9,60.2,0.0,21.7
VGB,British Virgin Islands,285,0.2,70.2,23.5,0.0,38.2
PER,PER,263,0.2,85.9,39.9,0.0,18.6
VNM,VNM,237,0.2,87.3,53.6,0.0,17.3
SVK,SVK,203,0.2,76.4,24.6,61.1,32.0
PAN,PAN,180,0.1,83.9,12.2,81.7,18.9
MUS,Mauritius,175,0.1,70.3,8.0,85.7,45.7
MAR,MAR,172,0.1,89.0,47.1,0.0,13.4
BRB,BRB,161,0.1,85.7,38.5,37.9,17.4
NGA,NGA,151,0.1,93.4,35.8,0.0,13.2
MLT,Malta,150,0.1,84.0,27.3,71.3,24.7
BGR,BGR,145,0.1,80.0,59.3,21.4,22.8
URY,URY,145,0.1,88.3,44.1,0.0,18.6
VEN,VEN,139,0.1,98.6,26.6,0.0,3.6
PRI,PRI,138,0.1,92.8,2.9,89.1,8.7
HRV,HRV,133,0.1,62.4,19.5,46.6,42.9
UKR,UKR,133,0.1,94.7,73.7,6.0,7.5
GGY,GGY,132,0.1,76.5,13.6,68.9,34.1
CRI,CRI,128,0.1,88.3,40.6,0.0,15.6
SRB,SRB,109,0.1,85.3,53.2,0.0,19.3
QAT,QAT,106,0.1,93.4,57.5,0.0,8.5
KAZ,KAZ,105,0.1,94.3,66.7,0.0,5.7
BHR,BHR,90,0.1,90.0,55.6,6.7,15.6
LTU,LTU,88,0.1,81.8,37.5,0.0,30.7
CYP,Cyprus,88,0.1,77.3,4.5,94.3,34.1
KEN,KEN,88,0.1,90.9,28.4,0.0,11.4
BHS,Bahamas,83,0.1,54.2,6.0,54.2,47.0
IMN,IMN,79,0.1,79.7,2.5,97.5,32.9
GTM,GTM,78,0.1,87.2,34.6,0.0,14.1
ECU,ECU,78,0.1,97.4,30.8,0.0,9.0
OMN,OMN,77,0.1,90.9,37.7,0.0,16.9
LBR,Liberia,70,0.1,98.6,21.4,0.0,2.9
SVN,SVN,67,0.1,82.1,25.4,64.2,23.9
DOM,DOM,65,0.1,90.8,38.5,13.8,18.5
TTO,TTO,65,0.1,86.2,35.4,0.0,20.0
TUN,TUN,64,0.1,96.9,53.1,0.0,4.7
PAK,PAK,61,0.0,96.7,19.7,70.5,8.2
DZA,DZA,60,0.0,93.3,48.3,0.0,6.7
LVA,LVA,60,0.0,91.7,20.0,61.7,16.7
KWT,KWT,59,0.0,91.5,52.5,0.0,10.2
LKA,LKA,54,0.0,87.0,33.3,0.0,16.7
EST,EST,54,0.0,87.0,40.7,0.0,18.5
MAC,MAC,51,0.0,92.2,54.9,0.0,7.8
GHA,GHA,48,0.0,87.5,33.3,0.0,14.6
MOZ,MOZ,47,0.0,95.7,51.1,0.0,4.3
CIV,CIV,44,0.0,75.0,52.3,0.0,25.0
BGD,BGD,43,0.0,90.7,37.2,30.2,11.6
SLV,SLV,41,0.0,80.5,43.9,0.0,19.5
MCO,Monaco,41,0.0,82.9,34.1,0.0,22.0
JOR,JOR,39,0.0,94.9,59.0,0.0,7.7
AGO,AGO,39,0.0,100.0,69.2,0.0,0.0
PNG,PNG,37,0.0,94.6,40.5,0.0,8.1
GIB,Gibraltar,37,0.0,62.2,5.4,62.2,43.2
LBN,LBN,37,0.0,89.2,35.1,0.0,13.5
TZA,TZA,36,0.0,91.7,16.7,47.2,11.1
BIH,BIH,36,0.0,88.9,58.3,0.0,11.1
BOL,BOL,36,0.0,97.2,25.0,27.8,2.8
KHM,KHM,34,0.0,100.0,26.5,61.8,0.0
PRY,PRY,34,0.0,88.2,29.4,0.0,20.6
HND,HND,33,0.0,90.9,30.3,0.0,9.1
MMR,MMR,30,0.0,100.0,36.7,10.0,0.0
NCL,NCL,30,0.0,83.3,46.7,0.0,40.0
AIA,Anguilla,29,0.0,100.0,10.3,0.0,0.0
ZMB,ZMB,28,0.0,85.7,32.1,0.0,14.3
UGA,UGA,27,0.0,74.1,18.5,51.9,33.3
BWA,BWA,26,0.0,92.3,23.1,0.0,7.7
IRQ,IRQ,25,0.0,88.0,36.0,0.0,16.0
MKD,MKD,25,0.0,100.0,64.0,0.0,4.0
KNA,KNA,25,0.0,100.0,16.0,0.0,0.0
ZWE,ZWE,25,0.0,96.0,32.0,0.0,8.0
UZB,UZB,24,0.0,95.8,87.5,0.0,8.3
SEN,SEN,24,0.0,83.3,54.2,0.0,16.7
CUW,Curaçao,24,0.0,83.3,8.3,91.7,29.2
REU,REU,24,0.0,91.7,12.5,87.5,8.3
NAM,NAM,22,0.0,90.9,36.4,0.0,9.1
CMR,CMR,21,0.0,76.2,28.6,0.0,23.8
ISL,ISL,21,0.0,71.4,38.1,47.6,38.1
LCA,LCA,21,0.0,95.2,28.6,0.0,4.8
GEO,GEO,21,0.0,100.0,85.7,0.0,0.0
BLR,BLR,20,0.0,95.0,65.0,20.0,10.0
NIC,NIC,19,0.0,100.0,36.8,0.0,0.0
JAM,JAM,19,0.0,100.0,15.8,84.2,10.5
WSM,Samoa,18,0.0,72.2,16.7,0.0,38.9
GAB,GAB,18,0.0,77.8,16.7,0.0,22.2
BRN,BRN,17,0.0,88.2,41.2,0.0,23.5
MHL,Marshall Islands,17,0.0,94.1,41.2,0.0,5.9
GLP,GLP,17,0.0,88.2,17.6,76.5,11.8
AZE,AZE,17,0.0,100.0,52.9,0.0,0.0
MWI,MWI,17,0.0,100.0,35.3,0.0,0.0
COG,COG,15,0.0,86.7,60.0,0.0,13.3
COD,COD,15,0.0,93.3,40.0,0.0,13.3
BLM,BLM,14,0.0,100.0,57.1,28.6,0.0
IRN,IRN,13,0.0,100.0,46.2,0.0,0.0
ALB,ALB,13,0.0,84.6,38.5,38.5,15.4
TGO,TGO,12,0.0,66.7,33.3,0.0,58.3
FJI,FJI,12,0.0,100.0,58.3,0.0,0.0
MNE,MNE,12,0.0,100.0,50.0,41.7,0.0
GUF,GUF,12,0.0,83.3,25.0,75.0,16.7
GUM,GUM,11,0.0,90.9,27.3,0.0,18.2
LIE,Liechtenstein,11,0.0,63.6,18.2,63.6,36.4
MTQ,MTQ,11,0.0,100.0,0.0,100.0,0.0
ARM,ARM,10,0.0,90.0,60.0,0.0,10.0
BFA,BFA,10,0.0,70.0,40.0,0.0,30.0
ETH,ETH,10,0.0,100.0,40.0,0.0,0.0
SWZ,SWZ,10,0.0,100.0,30.0,0.0,0.0
ABW,ABW,9,0.0,88.9,11.1,77.8,11.1
SYR,SYR,9,0.0,100.0,44.4,0.0,0.0
LAO,LAO,8,0.0,75.0,50.0,0.0,25.0
MDG,MDG,8,0.0,87.5,50.0,0.0,12.5
GIN,GIN,8,0.0,87.5,62.5,0.0,12.5
XKX,XKX,8,0.0,87.5,62.5,0.0,12.5
MNG,MNG,8,0.0,100.0,50.0,0.0,0.0
LBY,LBY,8,0.0,87.5,50.0,0.0,12.5
MYT,MYT,8,0.0,100.0,25.0,75.0,0.0
MDA,MDA,7,0.0,71.4,42.9,28.6,28.6
BEN,BEN,7,0.0,85.7,42.9,0.0,14.3
CAF,CAF,7,0.0,71.4,57.1,0.0,28.6
TCA,TCA,7,0.0,85.7,14.3,0.0,14.3
RWA,RWA,7,0.0,100.0,14.3,85.7,14.3
SYC,Seychelles,7,0.0,100.0,28.6,0.0,0.0
PYF,PYF,7,0.0,85.7,71.4,0.0,14.3
MLI,MLI,6,0.0,50.0,16.7,0.0,50.0
CUB,CUB,6,0.0,100.0,33.3,0.0,0.0
MRT,MRT,6,0.0,100.0,66.7,0.0,0.0
NPL,NPL,6,0.0,83.3,50.0,0.0,16.7
GUY,Guyana,5,0.0,100.0,0.0,0.0,0.0
LSO,LSO,5,0.0,100.0,40.0,0.0,0.0
YEM,YEM,5,0.0,100.0,40.0,0.0,0.0
HTI,HTI,5,0.0,100.0,20.0,0.0,0.0
MDV,MDV,5,0.0,100.0,60.0,0.0,0.0
NER,NER,4,0.0,75.0,25.0,0.0,25.0
MNP,MNP,4,0.0,100.0,0.0,0.0,0.0
COK,COK,4,0.0,100.0,100.0,0.0,0.0
VIR,VIR,4,0.0,100.0,25.0,0.0,0.0
PSE,PSE,4,0.0,75.0,0.0,0.0,25.0
DJI,DJI,3,0.0,66.7,0.0,0.0,33.3
SLB,SLB,3,0.0,100.0,0.0,0.0,0.0
GNQ,GNQ,3,0.0,66.7,66.7,0.0,33.3
TLS,TLS,3,0.0,100.0,66.7,0.0,0.0
KGZ,KGZ,3,0.0,100.0,100.0,0.0,0.0
CPV,CPV,3,0.0,66.7,66.7,0.0,33.3
AND,AND,2,0.0,100.0,100.0,0.0,0.0
VCT,St Vincent & Grenadines,2,0.0,100.0,50.0,0.0,0.0
BLZ,Belize,2,0.0,100.0,0.0,0.0,50.0
SDN,SDN,2,0.0,100.0,0.0,0.0,0.0
ATG,ATG,2,0.0,100.0,0.0,0.0,0.0
GMB,GMB,2,0.0,50.0,50.0,0.0,50.0
TCD,TCD,2,0.0,100.0,100.0,0.0,0.0
SSD,SSD,2,0.0,50.0,0.0,0.0,50.0
TKM,TKM,2,0.0,100.0,50.0,0.0,0.0
SUR,SUR,2,0.0,100.0,50.0,0.0,0.0
ASM,ASM,1,0.0,0.0,0.0,0.0,100.0
VUT,VUT,1,0.0,0.0,0.0,100.0,100.0
KIR,KIR,1,0.0,0.0,0.0,0.0,100.0
WLF,WLF,1,0.0,0.0,0.0,0.0,100.0
ERI,ERI,1,0.0,100.0,0.0,0.0,0.0
MAF,MAF,1,0.0,100.0,0.0,0.0,0.0
SLE,SLE,1,0.0,100.0,0.0,0.0,0.0
SXM,SXM,1,0.0,100.0,0.0,0.0,0.0
SMR,SMR,1,0.0,100.0,100.0,0.0,0.0
UMI,UMI,1,0.0,100.0,100.0,0.0,0.0
AFG,AFG,1,0.0,100.0,100.0,0.0,0.0
BDI,BDI,1,0.0,0.0,0.0,0.0,100.0
FSM,FSM,1,0.0,0.0,0.0,0.0,100.0
BTN,BTN,1,0.0,100.0,100.0,0.0,0.0
GRD,GRD,1,0.0,100.0,100.0,0.0,0.0
