iso3,name,groups
USA,United States,223
GBR,United Kingdom,49
CHN,China,29
JPN,Japan,28
FRA,France,17
CHE,Switzerland,15
CAN,Canada,15
DEU,Germany,14
AUS,Australia,10
CYM,Cayman Islands,10
IND,India,10
NLD,Netherlands,9
IRL,Ireland,8
ESP,Spain,7
SAU,Saudi Arabia,7
HKG,Hong Kong,6
ARE,United Arab Emirates,4
IDN,Indonesia,4
KOR,South Korea,4
SWE,Sweden,3
TWN,Taiwan,3
BRA,Brazil,3
RUS,Russia,3
BEL,Belgium,2
DNK,Denmark,2
ITA,Italy,2
MEX,Mexico,1
SGP,Singapore,1
THA,Thailand,1
NOR,Norway,1
JEY,Jersey,1
,Not given,1
KWT,KWT,1
FIN,Finland,1
ZAF,South Africa,1
BGD,BGD,1
LBR,Liberia,1
CUW,Curaçao,1
LUX,Luxembourg,1
