group,uk_subsidiaries,meip_unknown_pct,psc_reaches_group_pct,psc_reaches_head_pct
Lloyds Banking Group PLC,686,31,77,69
BP PLC,501,94,94,87
Brookfield Corp,346,95,95,45
NatWest Group PLC,346,38,92,86
3i Group PLC,297,74,86,42
Sony Group Corp,294,98,99,79
Compass Group PLC,262,100,98,79
Macquarie Group Ltd,262,84,84,0
Shell PLC,251,87,94,90
Constellation Software Inc,237,100,89,1
Vinci SA,225,97,89,80
Barclays PLC,217,67,82,79
CRH PLC,216,96,98,88
Comcast Corp,216,94,96,96
Prologis Inc,200,99,94,92
Thermo Fisher Scientific Inc,196,95,88,79
KKR & Co Inc,183,95,92,72
Banco Santander SA,182,77,71,61
Arthur J. Gallagher & Co.,174,99,95,85
AXA SA,165,50,73,68
Berkshire Hathaway Inc,148,80,95,86
Goldman Sachs Group Inc,148,59,87,78
HSBC Holdings PLC,148,39,76,71
Universal Music Group NV,148,100,100,99
EssilorLuxottica SA,147,90,93,12
Walt Disney Co,146,99,99,99
Schneider Electric SE,135,95,99,97
Goodman Group,131,98,57,0
Ameriprise Financial Inc,130,88,96,92
BNP Paribas SA,124,65,73,53
Aon PLC,123,94,86,50
British American Tobacco plc,123,85,97,95
Marsh & McLennan Companies Inc,121,77,88,83
BAE Systems PLC,118,93,97,94
Allianz SE,116,80,73,46
CBRE Group Inc,114,98,98,93
Welltower Inc,113,100,81,78
International Holding Company PJSC,111,100,67,0
Rolls-Royce Holdings PLC,109,83,99,97
Honeywell International Inc,107,93,94,83
Reckitt Benckiser Group PLC,107,89,92,89
London Stock Exchange Group PLC,104,85,90,85
JPMorgan Chase & Co,101,50,78,32
S&P Global Inc,100,91,90,83
Accenture PLC,99,95,95,86
Hilton Worldwide Holdings Inc,96,96,82,62
Experian PLC,95,98,97,95
Apollo Global Management Inc,93,85,88,61
RELX PLC,93,85,97,83
Unilever PLC,91,85,73,62
Linde PLC,90,88,99,99
Parker-Hannifin Corp,89,99,100,98
TotalEnergies SE,88,88,81,70
Compagnie de Saint Gobain SA,86,94,90,76
Christian Dior SE,85,93,84,0
National Grid PLC,84,79,90,85
Diageo PLC,83,86,86,82
Citigroup Inc,80,11,86,60
Iberdrola SA,80,65,92,90
GSK plc,79,67,94,86
Muenchener Rueckversicherungs-Gesellschaft in Muenchen AG,79,73,72,0
Volkswagen AG,78,96,77,31
HCA Healthcare Inc,76,100,93,7
BlackRock Inc,75,69,72,69
Eni SpA,75,88,88,84
Heineken NV,75,96,100,100
Morgan Stanley,75,12,59,12
Anheuser-Busch Inbev SA,71,92,100,89
UBS Group AG,71,75,83,82
Ares Management Corp,68,100,97,35
Blackstone Inc,67,100,45,3
Deutsche Post AG,66,100,74,5
Zurich Insurance Group AG,65,92,82,82
SoftBank Group Corp,63,86,95,71
Thomson Reuters Corp,63,100,95,2
General Electric Co,62,97,98,98
Rio Tinto PLC,62,90,100,100
Bank of New York Mellon Corp,61,41,95,80
RTX Corp,59,78,88,76
Tokio Marine Holdings Inc,58,81,91,79
Emerson Electric Co,57,96,100,89
Johnson Controls International PLC,56,98,98,95
Schlumberger NV,54,94,96,91
Nestle SA,53,81,89,70
Realty Income Corp,52,100,96,96
Mondelez International Inc,50,98,92,18
